{
  "train_loss": [
    0.5312623648019192,
    0.3454992084618885,
    0.32302280096652547,
    0.33039714002447795,
    0.3119810281434931,
    0.31409548683844624,
    0.30376421577774376,
    0.2797558918158034,
    0.2770146589650527,
    0.27984197367125657,
    0.27854600585744826,
    0.2831682389261491,
    0.26293459662465424,
    0.2677537495140028,
    0.25542152308045335,
    0.26814917288300144,
    0.2617106649595782,
    0.24695962758284928,
    0.2495863022236469,
    0.2531261580657744,
    0.24707955613093235,
    0.24415436202058943,
    0.24492891842570855,
    0.23329999578725671,
    0.22398056823163215,
    0.2304903431280472,
    0.234597806871341,
    0.2397324246087408,
    0.22528581630699251,
    0.2257129659300195,
    0.23777494665327784,
    0.2279281569455601,
    0.2308272348367872,
    0.23649147543089116,
    0.24338127191664133,
    0.23179883673013468
  ],
  "val_loss": [
    0.9320617579590634,
    0.8766610248924216,
    0.7464090572751086,
    0.863192311180827,
    0.68528539727411,
    0.6933840843646423,
    0.6392554627431323,
    0.5589424966622496,
    0.7834973402721498,
    0.6112608419126256,
    0.5918622986434976,
    0.6027829837616142,
    0.5880453954343601,
    0.5109596803517598,
    0.5332049696570467,
    0.5980379516663759,
    0.5837862614704215,
    0.507513491393965,
    0.505728499930533,
    0.5163536865997802,
    0.5321950400653093,
    0.4889373658486949,
    0.5636917351914184,
    0.5154002702525814,
    0.5519419519035408,
    0.534772898191991,
    0.49210262893106016,
    0.4792830923862774,
    0.5049613012605921,
    0.5503150980033533,
    0.4982841259149639,
    0.4452028507771699,
    0.5985646474620571,
    0.5232068337976475,
    0.4446783376776654,
    0.4638309320220557
  ],
  "train_auc": [
    0.8211153972837721,
    0.9489686724945091,
    0.9594011256772492,
    0.9593076415714269,
    0.9652160102623301,
    0.9702537444394563,
    0.971054221932341,
    0.9807047130338933,
    0.9792893721555562,
    0.9785928081162196,
    0.978526126613904,
    0.9773893857168335,
    0.9827668944979638,
    0.9805967633038535,
    0.98512322438238,
    0.9823355675013123,
    0.9810060590790787,
    0.9876898775532006,
    0.9862698666344898,
    0.986727434905163,
    0.9873508519600218,
    0.9888581199028035,
    0.9895929712652962,
    0.9913767325875978,
    0.9933841017407039,
    0.9915761964006476,
    0.9914139727872522,
    0.9894640256501835,
    0.9926325095434104,
    0.9931415645565089,
    0.9899426561663736,
    0.9929139790008945,
    0.9914122207420137,
    0.9894905686838231,
    0.9888389017761737,
    0.9904685429913438
  ],
  "val_auc": [
    0.9231895599455391,
    0.9410606177374745,
    0.9514304552966665,
    0.9620828730701056,
    0.9628706724552796,
    0.9656365333401838,
    0.970954179190108,
    0.973343266456016,
    0.9732319469776761,
    0.9803649566282185,
    0.9808444866887593,
    0.9839956842294552,
    0.9838586756407292,
    0.984295390517293,
    0.9845180294739725,
    0.9880631267072555,
    0.9877548573826221,
    0.9899469948022366,
    0.9891335063066766,
    0.9893304561529701,
    0.9909403070704995,
    0.9908718027761366,
    0.9913085176527003,
    0.9909659961808857,
    0.9904950291571403,
    0.9907091050770246,
    0.9909659961808855,
    0.9933379573732029,
    0.9910944417328161,
    0.991231450321542,
    0.9906662898930476,
    0.9927556708711177,
    0.9920706279274882,
    0.9924388385096891,
    0.9928498642758669,
    0.9924559645832799
  ]
}